{
  "version": "1.1.0",
  "author": "Matt (latentcollapse)",
  "repository": "https://github.com/latentcollapse/HLXv1.1.0",
  "license": "MIT OR Apache-2.0",
  "timestamp": "2025-12-15T05:39:12.562946Z",
  "content_hash_blake2b": "fadcff042b9e51f35b31f3b2ac2f34f0833f7f4eba408f0fd6ad75ba6160a128",
  "signature": "28e326bffee66e9ca99f881eebba857c81938cf8e67dc8e74063119ba67691ce",
  "verification_rule": "To verify: (1) Remove 'signature' field, (2) JSON-serialize with sort_keys=True and separators=(',',':'), (3) BLAKE2b-256 hash must equal signature. Secondary: If blake3 available, verify content_hash_blake3 matches BLAKE3 of corpus JSON."
}