{
  "title": "HLX Canonical Corpus v1.1.0 (3-Chapter Edition)",
  "status": "PRODUCTION",
  "chapters": {
    "CORE": {
      "sequence": 1,
      "sections": [
        "meta",
        "1_axioms",
        "2_architecture",
        "3_value_system",
        "4_contracts",
        "5_transliteration"
      ],
      "purpose": "Foundational language spec (always load first)",
      "diff_v1_0_0": {
        "added": [
          "encryption_spec (concrete AES-GCM-256 with model_id normalization)"
        ],
        "enhanced": [
          "meta (model_id.lower() directive added)"
        ],
        "unchanged": [
          "axioms",
          "architecture",
          "value_system",
          "contracts",
          "transliteration"
        ]
      }
    },
    "RUNTIME": {
      "sequence": 2,
      "sections": [
        "6_lc_encoding",
        "7_latent_space",
        "8_error_taxonomy",
        "10_invariants"
      ],
      "purpose": "Operational mechanics (load after CORE)",
      "diff_v1_0_0": {
        "added": [],
        "enhanced": [],
        "unchanged": [
          "lc_encoding",
          "latent_space",
          "error_taxonomy",
          "invariants"
        ]
      }
    },
    "EXTENSIONS": {
      "sequence": 3,
      "sections": [
        "9_examples",
        "11_llm_directives",
        "12_empire_extensions"
      ],
      "purpose": "Examples, directives, Vulkan (optional but recommended)",
      "diff_v1_0_0": {
        "added": [
          "pre_serialize_rules examples (concrete Python code)",
          "Vulkan negatives in quiz"
        ],
        "enhanced": [
          "quiz (split positive/negative, +15 hard negatives, +3 empire contract Q)",
          "llm_directives (D11 & full set)"
        ],
        "unchanged": [
          "examples",
          "empire_extensions (structure)"
        ]
      }
    }
  },
  "integrity": {
    "content_hash_blake2b": "dad9af288b0631c324e6632485a178397a0aa8b645a40bed09007cf362fe9ee0",
    "content_hash_blake3": "Not available",
    "watermark_signature": "28e326bffee66e9ca99f881eebba857c81938cf8e67dc8e74063119ba67691ce"
  },
  "loading_notes": "All 3 chapters must be complete and untruncated for full verification. Load in CORE → RUNTIME → EXTENSIONS order.",
  "security": "Model_id must be normalized to lowercase before AES-GCM key derivation",
  "version": {
    "corpus": "v1.1.0",
    "chapter_split": "v1.1.0 (3-chapter edition)",
    "baseline": "v1.0.0"
  }
}